<?xml version="1.0" encoding="UTF-8"?>
<beans xmlns="http://www.springframework.org/schema/beans"
     xmlns:xsi="http://www.w3.org/2001/XMLSchema-instance"
     xmlns:aop="http://www.springframework.org/schema/aop"
     xmlns:context="http://www.springframework.org/schema/context"
     xsi:schemaLocation="http://www.springframework.org/schema/beans
         http://www.springframework.org/schema/beans/spring-beans.xsd
         http://www.springframework.org/schema/aop 
         http://www.springframework.org/schema/aop/spring-aop-4.0.xsd 
         http://www.springframework.org/schema/context
         http://www.springframework.org/schema/context/spring-context.xsd">
 
	<bean id="product" class="com.ge.entity.Product">
		<constructor-arg index="0" value="1"/>
		<constructor-arg index="1" value="Test Product"/>
		<constructor-arg index="2" value="5656.66"/>
	</bean>
 	
 	<bean id="productDaoMem" class="com.ge.dao.ProductDaoMemImpl">
 	</bean>
 	<bean id="productDaoDB" class="com.ge.dao.ProductDaoJdbcImpl">
 	</bean>
 	
 	<bean id="ps" class="com.ge.service.ProductService">
 		<!-- <constructor-arg index="0" ref="productDaoMem" /> -->
 		<property name="productDao" ref="productDaoMem"/>
 	</bean>
</beans>